{"cameraMode":{"drawMode":0,"name":"Shaded","section":"Shading Mode"},"sceneLighting":false,"audioPlay":false,"sceneViewState":{"showFog":true,"showMaterialUpdate":false,"showSkybox":false,"showFlares":true,"showImageEffects":true,"showParticleSystems":true},"in2DMode":false,"pivot":{"x":0.35100001096725466,"y":0.2529999911785126,"z":0.6130000352859497},"rotation":{"x":0.04449869319796562,"y":-0.9408725500106812,"z":0.13643091917037965,"w":0.30689191818237307},"size":0.5872281789779663,"orthographic":false}