{"cameraMode":{"drawMode":0,"name":"Shaded","section":"Shading Mode"},"sceneLighting":true,"audioPlay":false,"sceneViewState":{"showFog":true,"showMaterialUpdate":false,"showSkybox":true,"showFlares":true,"showImageEffects":true,"showParticleSystems":true},"in2DMode":false,"pivot":{"x":-0.9291249513626099,"y":1.7258923053741456,"z":-0.9675876498222351},"rotation":{"x":0.06703505665063858,"y":-0.8428497314453125,"z":0.10805004835128784,"w":0.522917628288269},"size":8.999560356140137,"orthographic":false}